timestamp,zone,status
2026-01-05 22:25:44,Zone 6,⚠️ Person immobile - Possible drowning
2026-01-05 22:25:54,Zone 4,⚠️ Person immobile - Possible drowning
2026-01-05 22:26:05,Zone 2,⚠️ Person immobile - Possible drowning
2026-01-05 22:26:06,Zone 2,⚠️ Person immobile - Possible drowning
2026-01-05 22:26:16,Zone 2,⚠️ Person immobile - Possible drowning
2026-01-05 22:26:16,Zone 1,⚠️ Person immobile - Possible drowning
2026-01-05 22:26:18,Zone 1,⚠️ Person immobile - Possible drowning
2026-01-05 22:26:19,Zone 2,⚠️ Person immobile - Possible drowning
2026-01-05 22:26:21,Zone 6,⚠️ Person immobile - Possible drowning
2026-01-05 22:26:22,Zone 6,⚠️ Person immobile - Possible drowning
2026-01-05 22:26:22,Zone 2,⚠️ Person immobile - Possible drowning
2026-01-05 22:26:26,Zone 6,⚠️ Person immobile - Possible drowning
2026-01-05 22:26:36,Zone 2,⚠️ Person immobile - Possible drowning
2026-01-05 22:26:38,Zone 2,⚠️ Person immobile - Possible drowning
2026-01-05 22:26:38,Zone 6,⚠️ Person immobile - Possible drowning
2026-01-05 22:26:40,Zone 6,⚠️ Person immobile - Possible drowning
2026-01-05 22:26:41,Zone 6,⚠️ Person immobile - Possible drowning
2026-01-05 22:26:42,Zone 6,⚠️ Person immobile - Possible drowning
2026-01-05 22:26:46,Zone 6,⚠️ Person immobile - Possible drowning
2026-01-05 22:26:47,Zone 6,⚠️ Person immobile - Possible drowning
2026-01-05 22:26:49,Zone 6,⚠️ Person immobile - Possible drowning
2026-01-05 22:26:50,Zone 6,⚠️ Person immobile - Possible drowning
2026-01-05 22:26:54,Zone 2,⚠️ Person immobile - Possible drowning
2026-01-05 22:26:56,Zone 2,⚠️ Person immobile - Possible drowning
2026-01-05 22:27:00,Zone 1,⚠️ Person immobile - Possible drowning
2026-01-05 22:27:01,Zone 1,⚠️ Person immobile - Possible drowning
2026-01-05 22:27:01,Zone 2,⚠️ Person immobile - Possible drowning
2026-01-05 22:27:02,Zone 1,⚠️ Person immobile - Possible drowning
2026-01-05 22:27:02,Zone 2,⚠️ Person immobile - Possible drowning
2026-01-05 22:27:03,Zone 4,⚠️ Person immobile - Possible drowning
2026-01-05 22:27:03,Zone 1,⚠️ Person immobile - Possible drowning
2026-01-05 22:27:04,Zone 1,⚠️ Person immobile - Possible drowning
2026-01-05 22:27:04,Zone 2,⚠️ Person immobile - Possible drowning
2026-01-05 22:27:05,Zone 6,⚠️ Person immobile - Possible drowning
2026-01-05 22:27:05,Zone 1,⚠️ Person immobile - Possible drowning
2026-01-05 22:27:06,Zone 1,⚠️ Person immobile - Possible drowning
2026-01-05 22:27:06,Zone 6,⚠️ Person immobile - Possible drowning
2026-01-05 22:27:07,Zone 1,⚠️ Person immobile - Possible drowning
2026-01-05 22:27:08,Zone 1,⚠️ Person immobile - Possible drowning
2026-01-05 22:27:08,Zone 4,⚠️ Person immobile - Possible drowning
2026-01-05 22:27:09,Zone 1,⚠️ Person immobile - Possible drowning
2026-01-05 22:27:09,Zone 5,⚠️ Person immobile - Possible drowning
2026-01-05 22:27:09,Zone 4,⚠️ Person immobile - Possible drowning
2026-01-05 22:27:10,Zone 4,⚠️ Person immobile - Possible drowning
2026-01-05 22:27:10,Zone 1,⚠️ Person immobile - Possible drowning
2026-01-05 22:27:11,Zone 4,⚠️ Person immobile - Possible drowning
2026-01-05 22:27:12,Zone 4,⚠️ Person immobile - Possible drowning
2026-01-05 22:27:13,Zone 1,⚠️ Person immobile - Possible drowning
2026-01-05 22:27:13,Zone 4,⚠️ Person immobile - Possible drowning
2026-01-05 22:27:14,Zone 4,⚠️ Person immobile - Possible drowning
2026-01-05 22:27:14,Zone 1,⚠️ Person immobile - Possible drowning
2026-01-05 22:27:15,Zone 1,⚠️ Person immobile - Possible drowning
2026-01-05 22:27:15,Zone 4,⚠️ Person immobile - Possible drowning
2026-01-05 22:27:16,Zone 4,⚠️ Person immobile - Possible drowning
2026-01-05 22:27:16,Zone 1,⚠️ Person immobile - Possible drowning
2026-01-05 22:27:17,Zone 4,⚠️ Person immobile - Possible drowning
2026-01-05 22:27:18,Zone 4,⚠️ Person immobile - Possible drowning
2026-01-05 22:27:18,Zone 1,⚠️ Person immobile - Possible drowning
2026-01-05 22:27:19,Zone 4,⚠️ Person immobile - Possible drowning
2026-01-05 22:27:19,Zone 1,⚠️ Person immobile - Possible drowning
2026-01-05 22:27:20,Zone 1,⚠️ Person immobile - Possible drowning
2026-01-05 22:27:20,Zone 4,⚠️ Person immobile - Possible drowning
2026-01-05 22:27:21,Zone 4,⚠️ Person immobile - Possible drowning
2026-01-05 22:27:21,Zone 1,⚠️ Person immobile - Possible drowning
2026-01-05 22:27:22,Zone 1,⚠️ Person immobile - Possible drowning
2026-01-05 22:27:22,Zone 4,⚠️ Person immobile - Possible drowning
2026-01-05 22:27:23,Zone 1,⚠️ Person immobile - Possible drowning
2026-01-05 22:27:23,Zone 4,⚠️ Person immobile - Possible drowning
2026-01-05 22:27:24,Zone 1,⚠️ Person immobile - Possible drowning
2026-01-05 22:27:24,Zone 4,⚠️ Person immobile - Possible drowning
2026-01-05 22:27:25,Zone 1,⚠️ Person immobile - Possible drowning
2026-01-05 22:27:25,Zone 2,⚠️ Person immobile - Possible drowning
2026-01-05 22:27:25,Zone 4,⚠️ Person immobile - Possible drowning
2026-01-05 22:27:25,Zone 6,⚠️ Person immobile - Possible drowning
2026-01-05 22:27:26,Zone 1,⚠️ Person immobile - Possible drowning
2026-01-05 22:27:26,Zone 4,⚠️ Person immobile - Possible drowning
2026-01-05 22:27:27,Zone 1,⚠️ Person immobile - Possible drowning
2026-01-05 22:27:27,Zone 2,⚠️ Person immobile - Possible drowning
2026-01-05 22:27:27,Zone 4,⚠️ Person immobile - Possible drowning
2026-01-05 22:27:27,Zone 6,⚠️ Person immobile - Possible drowning
2026-01-05 22:27:28,Zone 1,⚠️ Person immobile - Possible drowning
2026-01-05 22:27:28,Zone 4,⚠️ Person immobile - Possible drowning
2026-01-05 22:27:29,Zone 1,⚠️ Person immobile - Possible drowning
2026-01-05 22:27:29,Zone 4,⚠️ Person immobile - Possible drowning
2026-01-05 22:27:30,Zone 4,⚠️ Person immobile - Possible drowning
2026-01-05 22:27:31,Zone 4,⚠️ Person immobile - Possible drowning
2026-01-05 22:27:32,Zone 4,⚠️ Person immobile - Possible drowning
2026-01-05 22:27:33,Zone 1,⚠️ Person immobile - Possible drowning
2026-01-05 22:27:33,Zone 4,⚠️ Person immobile - Possible drowning
2026-01-05 22:27:34,Zone 5,⚠️ Person immobile - Possible drowning
2026-01-05 22:27:34,Zone 1,⚠️ Person immobile - Possible drowning
2026-01-05 22:27:35,Zone 4,⚠️ Person immobile - Possible drowning
2026-01-05 22:27:35,Zone 1,⚠️ Person immobile - Possible drowning
2026-01-05 22:27:36,Zone 4,⚠️ Person immobile - Possible drowning
2026-01-05 22:27:36,Zone 1,⚠️ Person immobile - Possible drowning
2026-01-05 22:27:37,Zone 4,⚠️ Person immobile - Possible drowning
2026-01-05 22:27:37,Zone 1,⚠️ Person immobile - Possible drowning
2026-01-05 22:27:38,Zone 4,⚠️ Person immobile - Possible drowning
2026-01-05 22:27:38,Zone 6,⚠️ Person immobile - Possible drowning
2026-01-05 22:27:39,Zone 4,⚠️ Person immobile - Possible drowning
2026-01-05 22:27:39,Zone 1,⚠️ Person immobile - Possible drowning
2026-01-05 22:27:40,Zone 4,⚠️ Person immobile - Possible drowning
2026-01-05 22:27:40,Zone 1,⚠️ Person immobile - Possible drowning
2026-01-05 22:27:41,Zone 4,⚠️ Person immobile - Possible drowning
2026-01-05 22:27:42,Zone 4,⚠️ Person immobile - Possible drowning
2026-01-05 22:27:42,Zone 1,⚠️ Person immobile - Possible drowning
2026-01-05 22:27:43,Zone 4,⚠️ Person immobile - Possible drowning
2026-01-05 22:27:44,Zone 1,⚠️ Person immobile - Possible drowning
2026-01-05 22:27:44,Zone 4,⚠️ Person immobile - Possible drowning
2026-01-05 22:27:45,Zone 4,⚠️ Person immobile - Possible drowning
2026-01-05 22:27:46,Zone 4,⚠️ Person immobile - Possible drowning
2026-01-05 22:27:46,Zone 1,⚠️ Person immobile - Possible drowning
2026-01-05 22:27:47,Zone 4,⚠️ Person immobile - Possible drowning
2026-01-05 22:27:47,Zone 1,⚠️ Person immobile - Possible drowning
2026-01-05 22:27:47,Zone 6,⚠️ Person immobile - Possible drowning
2026-01-05 22:27:48,Zone 4,⚠️ Person immobile - Possible drowning
2026-01-05 22:27:48,Zone 1,⚠️ Person immobile - Possible drowning
2026-01-05 22:27:49,Zone 4,⚠️ Person immobile - Possible drowning
2026-01-05 22:27:49,Zone 6,⚠️ Person immobile - Possible drowning
2026-01-05 22:27:50,Zone 1,⚠️ Person immobile - Possible drowning
2026-01-05 22:27:50,Zone 4,⚠️ Person immobile - Possible drowning
2026-01-05 22:27:51,Zone 4,⚠️ Person immobile - Possible drowning
2026-01-05 22:27:51,Zone 1,⚠️ Person immobile - Possible drowning
2026-01-05 22:27:51,Zone 6,⚠️ Person immobile - Possible drowning
2026-01-05 22:27:52,Zone 1,⚠️ Person immobile - Possible drowning
2026-01-05 22:27:52,Zone 4,⚠️ Person immobile - Possible drowning
2026-01-05 22:27:52,Zone 6,⚠️ Person immobile - Possible drowning
2026-01-05 22:27:53,Zone 4,⚠️ Person immobile - Possible drowning
2026-01-05 22:27:53,Zone 1,⚠️ Person immobile - Possible drowning
2026-01-05 22:27:54,Zone 1,⚠️ Person immobile - Possible drowning
2026-01-05 22:27:54,Zone 4,⚠️ Person immobile - Possible drowning
2026-01-05 22:27:54,Zone 6,⚠️ Person immobile - Possible drowning
2026-01-05 22:27:55,Zone 4,⚠️ Person immobile - Possible drowning
2026-01-05 22:27:55,Zone 6,⚠️ Person immobile - Possible drowning
2026-01-05 22:27:55,Zone 1,⚠️ Person immobile - Possible drowning
2026-01-05 22:27:56,Zone 1,⚠️ Person immobile - Possible drowning
2026-01-05 22:27:56,Zone 4,⚠️ Person immobile - Possible drowning
2026-01-05 22:27:57,Zone 1,⚠️ Person immobile - Possible drowning
2026-01-05 22:27:57,Zone 4,⚠️ Person immobile - Possible drowning
2026-01-05 22:27:58,Zone 4,⚠️ Person immobile - Possible drowning
2026-01-05 22:27:58,Zone 1,⚠️ Person immobile - Possible drowning
2026-01-05 22:27:59,Zone 1,⚠️ Person immobile - Possible drowning
2026-01-05 22:27:59,Zone 4,⚠️ Person immobile - Possible drowning
2026-01-05 22:27:59,Zone 6,⚠️ Person immobile - Possible drowning
2026-01-05 22:28:00,Zone 1,⚠️ Person immobile - Possible drowning
2026-01-05 22:28:00,Zone 4,⚠️ Person immobile - Possible drowning
2026-01-05 22:28:01,Zone 4,⚠️ Person immobile - Possible drowning
2026-01-05 22:28:01,Zone 1,⚠️ Person immobile - Possible drowning
2026-01-05 22:28:02,Zone 1,⚠️ Person immobile - Possible drowning
2026-01-05 22:28:02,Zone 4,⚠️ Person immobile - Possible drowning
2026-01-05 22:28:03,Zone 2,⚠️ Person immobile - Possible drowning
2026-01-05 22:28:03,Zone 4,⚠️ Person immobile - Possible drowning
2026-01-05 22:28:03,Zone 6,⚠️ Person immobile - Possible drowning
2026-01-05 22:28:03,Zone 1,⚠️ Person immobile - Possible drowning
2026-01-05 22:28:04,Zone 6,⚠️ Person immobile - Possible drowning
2026-01-05 22:28:04,Zone 1,⚠️ Person immobile - Possible drowning
2026-01-05 22:28:04,Zone 4,⚠️ Person immobile - Possible drowning
2026-01-05 22:28:05,Zone 4,⚠️ Person immobile - Possible drowning
2026-01-05 22:28:05,Zone 1,⚠️ Person immobile - Possible drowning
2026-01-05 22:28:06,Zone 6,⚠️ Person immobile - Possible drowning
2026-01-05 22:28:06,Zone 1,⚠️ Person immobile - Possible drowning
2026-01-05 22:28:06,Zone 4,⚠️ Person immobile - Possible drowning
2026-01-05 22:28:07,Zone 1,⚠️ Person immobile - Possible drowning
2026-01-05 22:28:07,Zone 4,⚠️ Person immobile - Possible drowning
2026-01-05 22:28:07,Zone 5,⚠️ Person immobile - Possible drowning
2026-01-05 22:28:07,Zone 6,⚠️ Person immobile - Possible drowning
2026-01-05 22:28:08,Zone 5,⚠️ Person immobile - Possible drowning
2026-01-05 22:28:08,Zone 6,⚠️ Person immobile - Possible drowning
2026-01-05 22:28:08,Zone 1,⚠️ Person immobile - Possible drowning
2026-01-05 22:28:08,Zone 4,⚠️ Person immobile - Possible drowning
2026-01-05 22:28:09,Zone 1,⚠️ Person immobile - Possible drowning
2026-01-05 22:28:09,Zone 4,⚠️ Person immobile - Possible drowning
2026-01-05 22:28:10,Zone 4,⚠️ Person immobile - Possible drowning
2026-01-05 22:28:10,Zone 6,⚠️ Person immobile - Possible drowning
2026-01-05 22:28:10,Zone 1,⚠️ Person immobile - Possible drowning
2026-01-05 22:28:11,Zone 1,⚠️ Person immobile - Possible drowning
2026-01-05 22:28:11,Zone 4,⚠️ Person immobile - Possible drowning
2026-01-05 22:28:12,Zone 4,⚠️ Person immobile - Possible drowning
2026-01-05 22:28:12,Zone 1,⚠️ Person immobile - Possible drowning
2026-01-05 22:28:13,Zone 1,⚠️ Person immobile - Possible drowning
2026-01-05 22:28:13,Zone 4,⚠️ Person immobile - Possible drowning
2026-01-05 22:28:14,Zone 1,⚠️ Person immobile - Possible drowning
2026-01-05 22:28:15,Zone 4,⚠️ Person immobile - Possible drowning
2026-01-05 22:28:15,Zone 1,⚠️ Person immobile - Possible drowning
2026-01-05 22:28:15,Zone 6,⚠️ Person immobile - Possible drowning
2026-01-05 22:28:16,Zone 1,⚠️ Person immobile - Possible drowning
2026-01-05 22:28:16,Zone 4,⚠️ Person immobile - Possible drowning
2026-01-05 22:28:17,Zone 2,⚠️ Person immobile - Possible drowning
2026-01-05 22:28:17,Zone 4,⚠️ Person immobile - Possible drowning
2026-01-05 22:28:17,Zone 1,⚠️ Person immobile - Possible drowning
2026-01-05 22:28:18,Zone 2,⚠️ Person immobile - Possible drowning
2026-01-05 22:28:18,Zone 4,⚠️ Person immobile - Possible drowning
2026-01-05 22:28:18,Zone 6,⚠️ Person immobile - Possible drowning
2026-01-05 22:28:18,Zone 1,⚠️ Person immobile - Possible drowning
2026-01-05 22:28:19,Zone 4,⚠️ Person immobile - Possible drowning
2026-01-05 22:28:19,Zone 5,⚠️ Person immobile - Possible drowning
2026-01-05 22:28:19,Zone 1,⚠️ Person immobile - Possible drowning
2026-01-05 22:28:19,Zone 2,⚠️ Person immobile - Possible drowning
2026-01-05 22:28:20,Zone 6,⚠️ Person immobile - Possible drowning
2026-01-05 22:28:20,Zone 1,⚠️ Person immobile - Possible drowning
2026-01-05 22:28:20,Zone 2,⚠️ Person immobile - Possible drowning
2026-01-05 22:28:20,Zone 4,⚠️ Person immobile - Possible drowning
2026-01-05 22:28:20,Zone 5,⚠️ Person immobile - Possible drowning
2026-01-05 22:28:21,Zone 1,⚠️ Person immobile - Possible drowning
2026-01-05 22:28:21,Zone 4,⚠️ Person immobile - Possible drowning
2026-01-05 22:28:21,Zone 2,⚠️ Person immobile - Possible drowning
2026-01-05 22:28:22,Zone 4,⚠️ Person immobile - Possible drowning
2026-01-05 22:28:22,Zone 1,⚠️ Person immobile - Possible drowning
2026-01-05 22:28:22,Zone 2,⚠️ Person immobile - Possible drowning
2026-01-05 22:28:23,Zone 4,⚠️ Person immobile - Possible drowning
2026-01-05 22:28:23,Zone 1,⚠️ Person immobile - Possible drowning
2026-01-05 22:28:23,Zone 2,⚠️ Person immobile - Possible drowning
2026-01-05 22:28:24,Zone 4,⚠️ Person immobile - Possible drowning
2026-01-05 22:28:24,Zone 1,⚠️ Person immobile - Possible drowning
2026-01-05 22:28:24,Zone 2,⚠️ Person immobile - Possible drowning
2026-01-05 22:28:25,Zone 1,⚠️ Person immobile - Possible drowning
2026-01-05 22:28:25,Zone 2,⚠️ Person immobile - Possible drowning
2026-01-05 22:28:25,Zone 4,⚠️ Person immobile - Possible drowning
2026-01-05 22:28:25,Zone 6,⚠️ Person immobile - Possible drowning
2026-01-05 22:28:26,Zone 1,⚠️ Person immobile - Possible drowning
2026-01-05 22:28:26,Zone 2,⚠️ Person immobile - Possible drowning
2026-01-05 22:28:26,Zone 4,⚠️ Person immobile - Possible drowning
2026-01-05 22:28:27,Zone 4,⚠️ Person immobile - Possible drowning
2026-01-05 22:28:27,Zone 6,⚠️ Person immobile - Possible drowning
2026-01-05 22:28:27,Zone 1,⚠️ Person immobile - Possible drowning
2026-01-05 22:28:27,Zone 2,⚠️ Person immobile - Possible drowning
2026-01-05 22:28:28,Zone 1,⚠️ Person immobile - Possible drowning
2026-01-05 22:28:28,Zone 2,⚠️ Person immobile - Possible drowning
2026-01-05 22:28:28,Zone 4,⚠️ Person immobile - Possible drowning
2026-01-05 22:28:28,Zone 5,⚠️ Person immobile - Possible drowning
2026-01-05 22:28:29,Zone 1,⚠️ Person immobile - Possible drowning
2026-01-05 22:28:29,Zone 2,⚠️ Person immobile - Possible drowning
2026-01-05 22:28:29,Zone 4,⚠️ Person immobile - Possible drowning
2026-01-05 22:28:30,Zone 2,⚠️ Person immobile - Possible drowning
2026-01-05 22:28:30,Zone 4,⚠️ Person immobile - Possible drowning
2026-01-05 22:28:30,Zone 1,⚠️ Person immobile - Possible drowning
2026-01-05 22:28:31,Zone 1,⚠️ Person immobile - Possible drowning
2026-01-05 22:28:31,Zone 2,⚠️ Person immobile - Possible drowning
2026-01-05 22:28:31,Zone 4,⚠️ Person immobile - Possible drowning
2026-01-05 22:28:31,Zone 5,⚠️ Person immobile - Possible drowning
2026-01-05 22:28:32,Zone 2,⚠️ Person immobile - Possible drowning
2026-01-05 22:28:32,Zone 4,⚠️ Person immobile - Possible drowning
2026-01-05 22:28:32,Zone 1,⚠️ Person immobile - Possible drowning
2026-01-05 22:28:33,Zone 5,⚠️ Person immobile - Possible drowning
2026-01-05 22:28:33,Zone 1,⚠️ Person immobile - Possible drowning
2026-01-05 22:28:33,Zone 2,⚠️ Person immobile - Possible drowning
2026-01-05 22:28:34,Zone 4,⚠️ Person immobile - Possible drowning
2026-01-05 22:28:34,Zone 6,⚠️ Person immobile - Possible drowning
2026-01-05 22:28:34,Zone 1,⚠️ Person immobile - Possible drowning
2026-01-05 22:28:34,Zone 2,⚠️ Person immobile - Possible drowning
2026-01-05 22:28:34,Zone 5,⚠️ Person immobile - Possible drowning
2026-01-05 22:28:35,Zone 1,⚠️ Person immobile - Possible drowning
2026-01-05 22:28:35,Zone 2,⚠️ Person immobile - Possible drowning
2026-01-05 22:28:35,Zone 4,⚠️ Person immobile - Possible drowning
2026-01-05 22:28:36,Zone 1,⚠️ Person immobile - Possible drowning
2026-01-05 22:28:36,Zone 2,⚠️ Person immobile - Possible drowning
2026-01-05 22:28:36,Zone 4,⚠️ Person immobile - Possible drowning
2026-01-05 22:28:37,Zone 2,⚠️ Person immobile - Possible drowning
2026-01-05 22:28:37,Zone 4,⚠️ Person immobile - Possible drowning
2026-01-05 22:28:37,Zone 1,⚠️ Person immobile - Possible drowning
2026-01-05 22:28:38,Zone 4,⚠️ Person immobile - Possible drowning
2026-01-05 22:28:38,Zone 1,⚠️ Person immobile - Possible drowning
2026-01-05 22:28:38,Zone 2,⚠️ Person immobile - Possible drowning
2026-01-05 22:28:39,Zone 4,⚠️ Person immobile - Possible drowning
2026-01-05 22:28:39,Zone 5,⚠️ Person immobile - Possible drowning
2026-01-05 22:28:39,Zone 1,⚠️ Person immobile - Possible drowning
2026-01-05 22:28:39,Zone 2,⚠️ Person immobile - Possible drowning
2026-01-05 22:28:40,Zone 1,⚠️ Person immobile - Possible drowning
2026-01-05 22:28:40,Zone 2,⚠️ Person immobile - Possible drowning
2026-01-05 22:28:40,Zone 4,⚠️ Person immobile - Possible drowning
2026-01-05 22:28:41,Zone 1,⚠️ Person immobile - Possible drowning
2026-01-05 22:28:41,Zone 2,⚠️ Person immobile - Possible drowning
2026-01-05 22:28:41,Zone 4,⚠️ Person immobile - Possible drowning
2026-01-05 22:28:42,Zone 2,⚠️ Person immobile - Possible drowning
2026-01-05 22:28:42,Zone 4,⚠️ Person immobile - Possible drowning
2026-01-05 22:28:42,Zone 5,⚠️ Person immobile - Possible drowning
2026-01-05 22:28:42,Zone 1,⚠️ Person immobile - Possible drowning
2026-01-05 22:28:43,Zone 4,⚠️ Person immobile - Possible drowning
2026-01-05 22:28:43,Zone 2,⚠️ Person immobile - Possible drowning
2026-01-05 22:28:44,Zone 4,⚠️ Person immobile - Possible drowning
2026-01-05 22:28:44,Zone 1,⚠️ Person immobile - Possible drowning
2026-01-05 22:28:44,Zone 2,⚠️ Person immobile - Possible drowning
2026-01-05 22:28:45,Zone 4,⚠️ Person immobile - Possible drowning
2026-01-05 22:28:45,Zone 1,⚠️ Person immobile - Possible drowning
2026-01-05 22:28:46,Zone 2,⚠️ Person immobile - Possible drowning
2026-01-05 22:28:46,Zone 4,⚠️ Person immobile - Possible drowning
2026-01-05 22:28:47,Zone 1,⚠️ Person immobile - Possible drowning
2026-01-05 22:28:47,Zone 2,⚠️ Person immobile - Possible drowning
2026-01-05 22:28:47,Zone 4,⚠️ Person immobile - Possible drowning
2026-01-05 22:28:48,Zone 1,⚠️ Person immobile - Possible drowning
2026-01-05 22:28:48,Zone 2,⚠️ Person immobile - Possible drowning
2026-01-05 22:28:48,Zone 4,⚠️ Person immobile - Possible drowning
2026-01-05 22:28:48,Zone 5,⚠️ Person immobile - Possible drowning
2026-01-05 22:28:49,Zone 1,⚠️ Person immobile - Possible drowning
2026-01-05 22:28:49,Zone 2,⚠️ Person immobile - Possible drowning
2026-01-05 22:28:49,Zone 4,⚠️ Person immobile - Possible drowning
2026-01-05 22:28:50,Zone 1,⚠️ Person immobile - Possible drowning
2026-01-05 22:28:50,Zone 2,⚠️ Person immobile - Possible drowning
2026-01-05 22:28:50,Zone 4,⚠️ Person immobile - Possible drowning
2026-01-05 22:28:51,Zone 1,⚠️ Person immobile - Possible drowning
2026-01-05 22:28:51,Zone 2,⚠️ Person immobile - Possible drowning
2026-01-05 22:28:51,Zone 4,⚠️ Person immobile - Possible drowning
2026-01-05 22:28:52,Zone 1,⚠️ Person immobile - Possible drowning
2026-01-05 22:28:52,Zone 2,⚠️ Person immobile - Possible drowning
2026-01-05 22:28:52,Zone 4,⚠️ Person immobile - Possible drowning
2026-01-05 22:28:53,Zone 1,⚠️ Person immobile - Possible drowning
2026-01-05 22:28:53,Zone 2,⚠️ Person immobile - Possible drowning
2026-01-05 22:28:53,Zone 4,⚠️ Person immobile - Possible drowning
2026-01-05 22:28:54,Zone 1,⚠️ Person immobile - Possible drowning
2026-01-05 22:28:54,Zone 2,⚠️ Person immobile - Possible drowning
2026-01-05 22:28:54,Zone 4,⚠️ Person immobile - Possible drowning
2026-01-05 22:28:54,Zone 5,⚠️ Person immobile - Possible drowning
2026-01-05 22:28:55,Zone 1,⚠️ Person immobile - Possible drowning
2026-01-05 22:28:55,Zone 2,⚠️ Person immobile - Possible drowning
2026-01-05 22:28:55,Zone 4,⚠️ Person immobile - Possible drowning
2026-01-05 22:28:55,Zone 6,⚠️ Person immobile - Possible drowning
2026-01-05 22:28:56,Zone 1,⚠️ Person immobile - Possible drowning
2026-01-05 22:28:56,Zone 2,⚠️ Person immobile - Possible drowning
2026-01-05 22:28:56,Zone 4,⚠️ Person immobile - Possible drowning
2026-01-05 22:28:56,Zone 6,⚠️ Person immobile - Possible drowning
2026-01-05 22:28:57,Zone 1,⚠️ Person immobile - Possible drowning
2026-01-05 22:28:57,Zone 2,⚠️ Person immobile - Possible drowning
2026-01-05 22:28:57,Zone 4,⚠️ Person immobile - Possible drowning
2026-01-05 22:28:57,Zone 6,⚠️ Person immobile - Possible drowning
2026-01-05 22:28:58,Zone 1,⚠️ Person immobile - Possible drowning
2026-01-05 22:28:58,Zone 2,⚠️ Person immobile - Possible drowning
2026-01-05 22:28:58,Zone 4,⚠️ Person immobile - Possible drowning
2026-01-05 22:28:58,Zone 5,⚠️ Person immobile - Possible drowning
2026-01-05 22:28:58,Zone 6,⚠️ Person immobile - Possible drowning
2026-01-05 22:28:59,Zone 2,⚠️ Person immobile - Possible drowning
2026-01-05 22:28:59,Zone 4,⚠️ Person immobile - Possible drowning
2026-01-05 22:28:59,Zone 6,⚠️ Person immobile - Possible drowning
2026-01-05 22:29:00,Zone 2,⚠️ Person immobile - Possible drowning
2026-01-05 22:29:00,Zone 4,⚠️ Person immobile - Possible drowning
2026-01-05 22:29:01,Zone 1,⚠️ Person immobile - Possible drowning
2026-01-05 22:29:02,Zone 2,⚠️ Person immobile - Possible drowning
2026-01-05 22:29:02,Zone 4,⚠️ Person immobile - Possible drowning
2026-01-05 22:29:02,Zone 6,⚠️ Person immobile - Possible drowning
2026-01-05 22:29:03,Zone 1,⚠️ Person immobile - Possible drowning
2026-01-05 22:29:03,Zone 2,⚠️ Person immobile - Possible drowning
2026-01-05 22:29:03,Zone 4,⚠️ Person immobile - Possible drowning
2026-01-05 22:29:04,Zone 1,⚠️ Person immobile - Possible drowning
2026-01-05 22:29:04,Zone 2,⚠️ Person immobile - Possible drowning
2026-01-05 22:29:04,Zone 4,⚠️ Person immobile - Possible drowning
2026-01-05 22:29:05,Zone 5,⚠️ Person immobile - Possible drowning
2026-01-05 22:29:05,Zone 6,⚠️ Person immobile - Possible drowning
2026-01-05 22:29:05,Zone 1,⚠️ Person immobile - Possible drowning
2026-01-05 22:29:06,Zone 2,⚠️ Person immobile - Possible drowning
2026-01-05 22:29:06,Zone 4,⚠️ Person immobile - Possible drowning
2026-01-05 22:29:06,Zone 5,⚠️ Person immobile - Possible drowning
2026-01-05 22:29:07,Zone 1,⚠️ Person immobile - Possible drowning
2026-01-05 22:29:07,Zone 2,⚠️ Person immobile - Possible drowning
2026-01-05 22:29:07,Zone 4,⚠️ Person immobile - Possible drowning
2026-01-05 22:29:08,Zone 1,⚠️ Person immobile - Possible drowning
2026-01-05 22:29:08,Zone 2,⚠️ Person immobile - Possible drowning
2026-01-05 22:29:08,Zone 4,⚠️ Person immobile - Possible drowning
2026-01-05 22:29:09,Zone 1,⚠️ Person immobile - Possible drowning
2026-01-05 22:29:09,Zone 2,⚠️ Person immobile - Possible drowning
2026-01-05 22:29:10,Zone 4,⚠️ Person immobile - Possible drowning
2026-01-05 22:29:11,Zone 1,⚠️ Person immobile - Possible drowning
2026-01-05 22:29:11,Zone 2,⚠️ Person immobile - Possible drowning
2026-01-05 22:29:11,Zone 4,⚠️ Person immobile - Possible drowning
2026-01-05 22:29:11,Zone 6,⚠️ Person immobile - Possible drowning
2026-01-05 22:29:12,Zone 1,⚠️ Person immobile - Possible drowning
2026-01-05 22:29:12,Zone 2,⚠️ Person immobile - Possible drowning
2026-01-05 22:29:12,Zone 4,⚠️ Person immobile - Possible drowning
2026-01-05 22:29:13,Zone 1,⚠️ Person immobile - Possible drowning
2026-01-05 22:29:14,Zone 2,⚠️ Person immobile - Possible drowning
2026-01-05 22:29:14,Zone 4,⚠️ Person immobile - Possible drowning
2026-01-05 22:29:15,Zone 1,⚠️ Person immobile - Possible drowning
2026-01-05 22:29:15,Zone 2,⚠️ Person immobile - Possible drowning
2026-01-05 22:29:16,Zone 4,⚠️ Person immobile - Possible drowning
2026-01-05 22:29:16,Zone 5,⚠️ Person immobile - Possible drowning
2026-01-05 22:29:16,Zone 6,⚠️ Person immobile - Possible drowning
2026-01-05 22:29:16,Zone 1,⚠️ Person immobile - Possible drowning
2026-01-05 22:29:17,Zone 2,⚠️ Person immobile - Possible drowning
2026-01-05 22:29:17,Zone 4,⚠️ Person immobile - Possible drowning
2026-01-05 22:29:17,Zone 5,⚠️ Person immobile - Possible drowning
2026-01-05 22:29:18,Zone 1,⚠️ Person immobile - Possible drowning
2026-01-05 22:29:18,Zone 2,⚠️ Person immobile - Possible drowning
2026-01-05 22:29:18,Zone 4,⚠️ Person immobile - Possible drowning
2026-01-05 22:29:19,Zone 6,⚠️ Person immobile - Possible drowning
2026-01-05 22:29:19,Zone 1,⚠️ Person immobile - Possible drowning
2026-01-05 22:29:19,Zone 2,⚠️ Person immobile - Possible drowning
2026-01-05 22:29:20,Zone 4,⚠️ Person immobile - Possible drowning
2026-01-05 22:29:20,Zone 5,⚠️ Person immobile - Possible drowning
2026-01-05 22:29:21,Zone 1,⚠️ Person immobile - Possible drowning
2026-01-05 22:29:21,Zone 2,⚠️ Person immobile - Possible drowning
2026-01-05 22:29:21,Zone 4,⚠️ Person immobile - Possible drowning
2026-01-05 22:29:21,Zone 5,⚠️ Person immobile - Possible drowning
2026-01-05 22:29:22,Zone 2,⚠️ Person immobile - Possible drowning
2026-01-05 22:29:23,Zone 4,⚠️ Person immobile - Possible drowning
2026-01-05 22:29:24,Zone 1,⚠️ Person immobile - Possible drowning
2026-01-05 22:29:24,Zone 2,⚠️ Person immobile - Possible drowning
2026-01-05 22:29:24,Zone 4,⚠️ Person immobile - Possible drowning
2026-01-05 22:29:24,Zone 5,⚠️ Person immobile - Possible drowning
2026-01-05 22:29:25,Zone 1,⚠️ Person immobile - Possible drowning
2026-01-05 22:29:25,Zone 2,⚠️ Person immobile - Possible drowning
2026-01-05 22:29:25,Zone 4,⚠️ Person immobile - Possible drowning
2026-01-05 22:29:26,Zone 1,⚠️ Person immobile - Possible drowning
2026-01-05 22:29:26,Zone 2,⚠️ Person immobile - Possible drowning
2026-01-05 22:29:27,Zone 4,⚠️ Person immobile - Possible drowning
2026-01-05 22:29:27,Zone 5,⚠️ Person immobile - Possible drowning
2026-01-05 22:29:28,Zone 1,⚠️ Person immobile - Possible drowning
2026-01-05 22:29:28,Zone 2,⚠️ Person immobile - Possible drowning
2026-01-05 22:29:28,Zone 4,⚠️ Person immobile - Possible drowning
2026-01-05 22:29:28,Zone 6,⚠️ Person immobile - Possible drowning
2026-01-05 22:29:29,Zone 1,⚠️ Person immobile - Possible drowning
2026-01-05 22:29:29,Zone 2,⚠️ Person immobile - Possible drowning
2026-01-05 22:29:29,Zone 4,⚠️ Person immobile - Possible drowning
2026-01-05 22:29:30,Zone 1,⚠️ Person immobile - Possible drowning
2026-01-05 22:29:30,Zone 2,⚠️ Person immobile - Possible drowning
2026-01-05 22:29:31,Zone 4,⚠️ Person immobile - Possible drowning
2026-01-05 22:29:32,Zone 1,⚠️ Person immobile - Possible drowning
2026-01-05 22:29:32,Zone 2,⚠️ Person immobile - Possible drowning
2026-01-05 22:29:32,Zone 4,⚠️ Person immobile - Possible drowning
2026-01-05 22:29:33,Zone 1,⚠️ Person immobile - Possible drowning
2026-01-05 22:29:33,Zone 2,⚠️ Person immobile - Possible drowning
2026-01-05 22:29:34,Zone 4,⚠️ Person immobile - Possible drowning
2026-01-05 22:29:35,Zone 1,⚠️ Person immobile - Possible drowning
2026-01-05 22:29:35,Zone 2,⚠️ Person immobile - Possible drowning
2026-01-05 22:29:35,Zone 4,⚠️ Person immobile - Possible drowning
2026-01-05 22:29:35,Zone 5,⚠️ Person immobile - Possible drowning
2026-01-05 22:29:36,Zone 2,⚠️ Person immobile - Possible drowning
2026-01-05 22:29:36,Zone 4,⚠️ Person immobile - Possible drowning
2026-01-05 22:29:37,Zone 5,⚠️ Person immobile - Possible drowning
2026-01-05 22:29:37,Zone 1,⚠️ Person immobile - Possible drowning
2026-01-05 22:29:37,Zone 2,⚠️ Person immobile - Possible drowning
2026-01-05 22:29:38,Zone 4,⚠️ Person immobile - Possible drowning
2026-01-05 22:29:38,Zone 1,⚠️ Person immobile - Possible drowning
2026-01-05 22:29:38,Zone 2,⚠️ Person immobile - Possible drowning
2026-01-05 22:29:39,Zone 4,⚠️ Person immobile - Possible drowning
2026-01-05 22:29:39,Zone 1,⚠️ Person immobile - Possible drowning
2026-01-05 22:29:39,Zone 2,⚠️ Person immobile - Possible drowning
2026-01-05 22:29:40,Zone 4,⚠️ Person immobile - Possible drowning
2026-01-05 22:29:40,Zone 5,⚠️ Person immobile - Possible drowning
2026-01-05 22:29:40,Zone 1,⚠️ Person immobile - Possible drowning
2026-01-05 22:29:41,Zone 2,⚠️ Person immobile - Possible drowning
2026-01-05 22:29:41,Zone 4,⚠️ Person immobile - Possible drowning
2026-01-05 22:29:41,Zone 5,⚠️ Person immobile - Possible drowning
2026-01-05 22:29:42,Zone 1,⚠️ Person immobile - Possible drowning
2026-01-05 22:29:42,Zone 2,⚠️ Person immobile - Possible drowning
2026-01-05 22:29:42,Zone 4,⚠️ Person immobile - Possible drowning
2026-01-05 22:29:43,Zone 5,⚠️ Person immobile - Possible drowning
2026-01-05 22:29:43,Zone 6,⚠️ Person immobile - Possible drowning
2026-01-05 22:29:43,Zone 1,⚠️ Person immobile - Possible drowning
2026-01-05 22:29:43,Zone 2,⚠️ Person immobile - Possible drowning
2026-01-05 22:29:44,Zone 4,⚠️ Person immobile - Possible drowning
2026-01-05 22:29:44,Zone 5,⚠️ Person immobile - Possible drowning
2026-01-05 22:29:45,Zone 2,⚠️ Person immobile - Possible drowning
2026-01-05 22:29:45,Zone 4,⚠️ Person immobile - Possible drowning
2026-01-05 22:29:45,Zone 5,⚠️ Person immobile - Possible drowning
2026-01-05 22:29:45,Zone 6,⚠️ Person immobile - Possible drowning
2026-01-05 22:29:46,Zone 2,⚠️ Person immobile - Possible drowning
2026-01-05 22:29:46,Zone 4,⚠️ Person immobile - Possible drowning
2026-01-05 22:29:47,Zone 5,⚠️ Person immobile - Possible drowning
2026-01-05 22:29:47,Zone 6,⚠️ Person immobile - Possible drowning
2026-01-05 22:29:47,Zone 1,⚠️ Person immobile - Possible drowning
2026-01-05 22:29:48,Zone 2,⚠️ Person immobile - Possible drowning
2026-01-05 22:29:48,Zone 4,⚠️ Person immobile - Possible drowning
2026-01-05 22:29:48,Zone 5,⚠️ Person immobile - Possible drowning
2026-01-05 22:29:49,Zone 2,⚠️ Person immobile - Possible drowning
2026-01-05 22:29:49,Zone 4,⚠️ Person immobile - Possible drowning
2026-01-05 22:29:49,Zone 5,⚠️ Person immobile - Possible drowning
2026-01-05 22:29:49,Zone 6,⚠️ Person immobile - Possible drowning
2026-01-05 22:29:50,Zone 2,⚠️ Person immobile - Possible drowning
2026-01-05 22:29:51,Zone 4,⚠️ Person immobile - Possible drowning
2026-01-05 22:29:51,Zone 5,⚠️ Person immobile - Possible drowning
2026-01-05 22:29:51,Zone 6,⚠️ Person immobile - Possible drowning
2026-01-05 22:29:51,Zone 1,⚠️ Person immobile - Possible drowning
2026-01-05 22:29:52,Zone 2,⚠️ Person immobile - Possible drowning
2026-01-05 22:29:52,Zone 4,⚠️ Person immobile - Possible drowning
2026-01-05 22:29:52,Zone 5,⚠️ Person immobile - Possible drowning
2026-01-05 22:29:53,Zone 1,⚠️ Person immobile - Possible drowning
2026-01-05 22:29:53,Zone 2,⚠️ Person immobile - Possible drowning
2026-01-05 22:29:53,Zone 4,⚠️ Person immobile - Possible drowning
2026-01-05 22:29:53,Zone 6,⚠️ Person immobile - Possible drowning
2026-01-05 22:29:54,Zone 1,⚠️ Person immobile - Possible drowning
2026-01-05 22:29:54,Zone 2,⚠️ Person immobile - Possible drowning
2026-01-05 22:29:54,Zone 4,⚠️ Person immobile - Possible drowning
2026-01-05 22:29:55,Zone 1,⚠️ Person immobile - Possible drowning
2026-01-05 22:29:55,Zone 2,⚠️ Person immobile - Possible drowning
2026-01-05 22:29:56,Zone 4,⚠️ Person immobile - Possible drowning
2026-01-05 22:29:56,Zone 2,⚠️ Person immobile - Possible drowning
2026-01-05 22:29:57,Zone 4,⚠️ Person immobile - Possible drowning
2026-01-05 22:29:57,Zone 1,⚠️ Person immobile - Possible drowning
2026-01-05 22:29:57,Zone 2,⚠️ Person immobile - Possible drowning
2026-01-05 22:29:58,Zone 4,⚠️ Person immobile - Possible drowning
2026-01-05 22:29:58,Zone 1,⚠️ Person immobile - Possible drowning
2026-01-05 22:29:59,Zone 2,⚠️ Person immobile - Possible drowning
2026-01-05 22:29:59,Zone 4,⚠️ Person immobile - Possible drowning
2026-01-05 22:29:59,Zone 5,⚠️ Person immobile - Possible drowning
2026-01-05 22:29:59,Zone 1,⚠️ Person immobile - Possible drowning
2026-01-05 22:30:00,Zone 2,⚠️ Person immobile - Possible drowning
2026-01-05 22:30:00,Zone 4,⚠️ Person immobile - Possible drowning
2026-01-05 22:30:00,Zone 5,⚠️ Person immobile - Possible drowning
2026-01-05 22:30:01,Zone 1,⚠️ Person immobile - Possible drowning
2026-01-05 22:30:01,Zone 2,⚠️ Person immobile - Possible drowning
2026-01-05 22:30:02,Zone 4,⚠️ Person immobile - Possible drowning
2026-01-05 22:30:02,Zone 1,⚠️ Person immobile - Possible drowning
2026-01-05 22:30:03,Zone 2,⚠️ Person immobile - Possible drowning
2026-01-05 22:30:03,Zone 4,⚠️ Person immobile - Possible drowning
2026-01-05 22:30:04,Zone 1,⚠️ Person immobile - Possible drowning
2026-01-05 22:30:04,Zone 2,⚠️ Person immobile - Possible drowning
2026-01-05 22:30:04,Zone 4,⚠️ Person immobile - Possible drowning
2026-01-05 22:30:04,Zone 5,⚠️ Person immobile - Possible drowning
2026-01-05 22:30:05,Zone 1,⚠️ Person immobile - Possible drowning
2026-01-05 22:30:05,Zone 2,⚠️ Person immobile - Possible drowning
2026-01-05 22:30:06,Zone 4,⚠️ Person immobile - Possible drowning
2026-01-05 22:30:06,Zone 5,⚠️ Person immobile - Possible drowning
2026-01-05 22:30:06,Zone 2,⚠️ Person immobile - Possible drowning
2026-01-05 22:30:07,Zone 4,⚠️ Person immobile - Possible drowning
2026-01-05 22:30:07,Zone 1,⚠️ Person immobile - Possible drowning
2026-01-05 22:30:08,Zone 2,⚠️ Person immobile - Possible drowning
2026-01-05 22:30:08,Zone 4,⚠️ Person immobile - Possible drowning
2026-01-05 22:30:09,Zone 1,⚠️ Person immobile - Possible drowning
2026-01-05 22:30:09,Zone 2,⚠️ Person immobile - Possible drowning
2026-01-05 22:30:09,Zone 4,⚠️ Person immobile - Possible drowning
2026-01-05 22:30:09,Zone 6,⚠️ Person immobile - Possible drowning
2026-01-05 22:30:10,Zone 1,⚠️ Person immobile - Possible drowning
2026-01-05 22:30:10,Zone 2,⚠️ Person immobile - Possible drowning
2026-01-05 22:30:10,Zone 4,⚠️ Person immobile - Possible drowning
2026-01-05 22:30:10,Zone 5,⚠️ Person immobile - Possible drowning
2026-01-05 22:30:11,Zone 2,⚠️ Person immobile - Possible drowning
2026-01-05 22:30:12,Zone 4,⚠️ Person immobile - Possible drowning
2026-01-05 22:30:12,Zone 5,⚠️ Person immobile - Possible drowning
2026-01-05 22:30:13,Zone 2,⚠️ Person immobile - Possible drowning
2026-01-05 22:30:13,Zone 4,⚠️ Person immobile - Possible drowning
2026-01-05 22:30:15,Zone 1,⚠️ Person immobile - Possible drowning
2026-01-05 22:30:15,Zone 2,⚠️ Person immobile - Possible drowning
2026-01-05 22:30:15,Zone 4,⚠️ Person immobile - Possible drowning
2026-01-05 22:30:16,Zone 1,⚠️ Person immobile - Possible drowning
2026-01-05 22:30:16,Zone 2,⚠️ Person immobile - Possible drowning
2026-01-05 22:30:16,Zone 4,⚠️ Person immobile - Possible drowning
2026-01-05 22:30:18,Zone 2,⚠️ Person immobile - Possible drowning
2026-01-05 22:30:18,Zone 4,⚠️ Person immobile - Possible drowning
2026-01-05 22:30:19,Zone 1,⚠️ Person immobile - Possible drowning
2026-01-05 22:30:19,Zone 2,⚠️ Person immobile - Possible drowning
2026-01-05 22:30:19,Zone 4,⚠️ Person immobile - Possible drowning
2026-01-05 22:30:19,Zone 5,⚠️ Person immobile - Possible drowning
2026-01-05 22:30:19,Zone 6,⚠️ Person immobile - Possible drowning
2026-01-05 22:30:20,Zone 1,⚠️ Person immobile - Possible drowning
2026-01-05 22:30:20,Zone 2,⚠️ Person immobile - Possible drowning
2026-01-05 22:30:21,Zone 4,⚠️ Person immobile - Possible drowning
2026-01-05 22:30:21,Zone 1,⚠️ Person immobile - Possible drowning
2026-01-05 22:30:21,Zone 2,⚠️ Person immobile - Possible drowning
2026-01-05 22:30:22,Zone 4,⚠️ Person immobile - Possible drowning
2026-01-05 22:30:22,Zone 1,⚠️ Person immobile - Possible drowning
2026-01-05 22:30:22,Zone 2,⚠️ Person immobile - Possible drowning
2026-01-05 22:30:23,Zone 4,⚠️ Person immobile - Possible drowning
2026-01-05 22:30:23,Zone 1,⚠️ Person immobile - Possible drowning
2026-01-05 22:30:23,Zone 2,⚠️ Person immobile - Possible drowning
2026-01-05 22:30:24,Zone 1,⚠️ Person immobile - Possible drowning
2026-01-05 22:30:24,Zone 2,⚠️ Person immobile - Possible drowning
2026-01-05 22:30:24,Zone 4,⚠️ Person immobile - Possible drowning
2026-01-05 22:30:24,Zone 5,⚠️ Person immobile - Possible drowning
2026-01-05 22:30:25,Zone 2,⚠️ Person immobile - Possible drowning
2026-01-05 22:30:25,Zone 4,⚠️ Person immobile - Possible drowning
2026-01-05 22:30:25,Zone 1,⚠️ Person immobile - Possible drowning
2026-01-05 22:30:26,Zone 1,⚠️ Person immobile - Possible drowning
2026-01-05 22:30:26,Zone 2,⚠️ Person immobile - Possible drowning
2026-01-05 22:30:26,Zone 4,⚠️ Person immobile - Possible drowning
2026-01-05 22:30:27,Zone 2,⚠️ Person immobile - Possible drowning
2026-01-05 22:30:27,Zone 4,⚠️ Person immobile - Possible drowning
2026-01-05 22:30:27,Zone 5,⚠️ Person immobile - Possible drowning
2026-01-05 22:30:28,Zone 1,⚠️ Person immobile - Possible drowning
2026-01-05 22:30:28,Zone 2,⚠️ Person immobile - Possible drowning
2026-01-05 22:30:29,Zone 4,⚠️ Person immobile - Possible drowning
2026-01-05 22:30:29,Zone 1,⚠️ Person immobile - Possible drowning
2026-01-05 22:30:30,Zone 2,⚠️ Person immobile - Possible drowning
2026-01-05 22:30:30,Zone 4,⚠️ Person immobile - Possible drowning
2026-01-05 22:30:31,Zone 2,⚠️ Person immobile - Possible drowning
2026-01-05 22:30:31,Zone 4,⚠️ Person immobile - Possible drowning
2026-01-05 22:30:32,Zone 1,⚠️ Person immobile - Possible drowning
2026-01-05 22:30:32,Zone 2,⚠️ Person immobile - Possible drowning
2026-01-05 22:30:32,Zone 4,⚠️ Person immobile - Possible drowning
2026-01-05 22:30:32,Zone 5,⚠️ Person immobile - Possible drowning
2026-01-05 22:30:32,Zone 6,⚠️ Person immobile - Possible drowning
2026-01-05 22:30:33,Zone 1,⚠️ Person immobile - Possible drowning
2026-01-05 22:30:33,Zone 2,⚠️ Person immobile - Possible drowning
2026-01-05 22:30:34,Zone 4,⚠️ Person immobile - Possible drowning
2026-01-05 22:30:34,Zone 5,⚠️ Person immobile - Possible drowning
2026-01-05 22:30:34,Zone 2,⚠️ Person immobile - Possible drowning
2026-01-05 22:30:35,Zone 2,⚠️ Person immobile - Possible drowning
2026-01-05 22:30:35,Zone 4,⚠️ Person immobile - Possible drowning
2026-01-05 22:30:36,Zone 2,⚠️ Person immobile - Possible drowning
2026-01-05 22:30:36,Zone 4,⚠️ Person immobile - Possible drowning
2026-01-05 22:30:36,Zone 1,⚠️ Person immobile - Possible drowning
2026-01-05 22:30:36,Zone 5,⚠️ Person immobile - Possible drowning
2026-01-05 22:30:37,Zone 1,⚠️ Person immobile - Possible drowning
2026-01-05 22:30:37,Zone 2,⚠️ Person immobile - Possible drowning
2026-01-05 22:30:37,Zone 4,⚠️ Person immobile - Possible drowning
2026-01-05 22:30:37,Zone 5,⚠️ Person immobile - Possible drowning
2026-01-05 22:30:38,Zone 1,⚠️ Person immobile - Possible drowning
2026-01-05 22:30:39,Zone 2,⚠️ Person immobile - Possible drowning
2026-01-05 22:30:39,Zone 5,⚠️ Person immobile - Possible drowning
2026-01-05 22:30:39,Zone 1,⚠️ Person immobile - Possible drowning
2026-01-05 22:30:40,Zone 4,⚠️ Person immobile - Possible drowning
2026-01-05 22:30:40,Zone 5,⚠️ Person immobile - Possible drowning
2026-01-05 22:30:40,Zone 1,⚠️ Person immobile - Possible drowning
2026-01-05 22:30:40,Zone 2,⚠️ Person immobile - Possible drowning
2026-01-05 22:30:41,Zone 2,⚠️ Person immobile - Possible drowning
2026-01-05 22:30:42,Zone 2,⚠️ Person immobile - Possible drowning
2026-01-05 22:30:42,Zone 4,⚠️ Person immobile - Possible drowning
2026-01-05 22:30:43,Zone 1,⚠️ Person immobile - Possible drowning
2026-01-05 22:30:43,Zone 2,⚠️ Person immobile - Possible drowning
2026-01-05 22:30:43,Zone 4,⚠️ Person immobile - Possible drowning
2026-01-05 22:30:43,Zone 5,⚠️ Person immobile - Possible drowning
2026-01-05 22:30:44,Zone 1,⚠️ Person immobile - Possible drowning
2026-01-05 22:30:44,Zone 2,⚠️ Person immobile - Possible drowning
2026-01-05 22:30:44,Zone 4,⚠️ Person immobile - Possible drowning
2026-01-05 22:30:44,Zone 5,⚠️ Person immobile - Possible drowning
2026-01-05 22:30:45,Zone 1,⚠️ Person immobile - Possible drowning
2026-01-05 22:30:45,Zone 2,⚠️ Person immobile - Possible drowning
2026-01-05 22:30:45,Zone 4,⚠️ Person immobile - Possible drowning
2026-01-05 22:30:46,Zone 1,⚠️ Person immobile - Possible drowning
2026-01-05 22:30:46,Zone 2,⚠️ Person immobile - Possible drowning
2026-01-05 22:30:46,Zone 4,⚠️ Person immobile - Possible drowning
2026-01-05 22:30:47,Zone 1,⚠️ Person immobile - Possible drowning
2026-01-05 22:30:47,Zone 2,⚠️ Person immobile - Possible drowning
2026-01-05 22:30:47,Zone 4,⚠️ Person immobile - Possible drowning
2026-01-05 22:30:48,Zone 2,⚠️ Person immobile - Possible drowning
2026-01-05 22:30:48,Zone 4,⚠️ Person immobile - Possible drowning
2026-01-05 22:30:49,Zone 1,⚠️ Person immobile - Possible drowning
2026-01-05 22:30:49,Zone 2,⚠️ Person immobile - Possible drowning
2026-01-05 22:30:49,Zone 4,⚠️ Person immobile - Possible drowning
2026-01-05 22:30:49,Zone 5,⚠️ Person immobile - Possible drowning
2026-01-05 22:30:50,Zone 2,⚠️ Person immobile - Possible drowning
2026-01-05 22:30:50,Zone 4,⚠️ Person immobile - Possible drowning
2026-01-05 22:30:51,Zone 4,⚠️ Person immobile - Possible drowning
2026-01-05 22:30:51,Zone 5,⚠️ Person immobile - Possible drowning
2026-01-05 22:30:52,Zone 1,⚠️ Person immobile - Possible drowning
2026-01-05 22:30:52,Zone 2,⚠️ Person immobile - Possible drowning
2026-01-05 22:30:52,Zone 4,⚠️ Person immobile - Possible drowning
2026-01-05 22:30:53,Zone 1,⚠️ Person immobile - Possible drowning
2026-01-05 22:30:54,Zone 2,⚠️ Person immobile - Possible drowning
2026-01-05 22:30:54,Zone 4,⚠️ Person immobile - Possible drowning
2026-01-05 22:30:54,Zone 5,⚠️ Person immobile - Possible drowning
2026-01-05 22:30:55,Zone 4,⚠️ Person immobile - Possible drowning
2026-01-05 22:30:55,Zone 1,⚠️ Person immobile - Possible drowning
2026-01-05 22:30:55,Zone 2,⚠️ Person immobile - Possible drowning
2026-01-05 22:30:55,Zone 5,⚠️ Person immobile - Possible drowning
2026-01-05 22:30:56,Zone 1,⚠️ Person immobile - Possible drowning
2026-01-05 22:30:56,Zone 2,⚠️ Person immobile - Possible drowning
2026-01-05 22:30:56,Zone 4,⚠️ Person immobile - Possible drowning
2026-01-05 22:30:57,Zone 2,⚠️ Person immobile - Possible drowning
2026-01-05 22:30:57,Zone 4,⚠️ Person immobile - Possible drowning
2026-01-05 22:30:57,Zone 5,⚠️ Person immobile - Possible drowning
2026-01-05 22:30:58,Zone 2,⚠️ Person immobile - Possible drowning
2026-01-05 22:30:58,Zone 4,⚠️ Person immobile - Possible drowning
2026-01-05 22:30:59,Zone 2,⚠️ Person immobile - Possible drowning
2026-01-05 22:30:59,Zone 4,⚠️ Person immobile - Possible drowning
2026-01-05 22:30:59,Zone 5,⚠️ Person immobile - Possible drowning
2026-01-05 22:30:59,Zone 1,⚠️ Person immobile - Possible drowning
2026-01-05 22:31:00,Zone 2,⚠️ Person immobile - Possible drowning
2026-01-05 22:31:00,Zone 4,⚠️ Person immobile - Possible drowning
2026-01-05 22:31:00,Zone 5,⚠️ Person immobile - Possible drowning
2026-01-05 22:31:00,Zone 1,⚠️ Person immobile - Possible drowning
2026-01-05 22:31:01,Zone 4,⚠️ Person immobile - Possible drowning
2026-01-05 22:31:01,Zone 5,⚠️ Person immobile - Possible drowning
2026-01-05 22:31:01,Zone 1,⚠️ Person immobile - Possible drowning
2026-01-05 22:31:01,Zone 2,⚠️ Person immobile - Possible drowning
2026-01-05 22:31:02,Zone 2,⚠️ Person immobile - Possible drowning
2026-01-05 22:31:02,Zone 4,⚠️ Person immobile - Possible drowning
2026-01-05 22:31:03,Zone 2,⚠️ Person immobile - Possible drowning
2026-01-05 22:31:03,Zone 4,⚠️ Person immobile - Possible drowning
2026-01-05 22:31:03,Zone 5,⚠️ Person immobile - Possible drowning
2026-01-05 22:31:03,Zone 1,⚠️ Person immobile - Possible drowning
2026-01-05 22:31:04,Zone 5,⚠️ Person immobile - Possible drowning
2026-01-05 22:31:04,Zone 1,⚠️ Person immobile - Possible drowning
2026-01-05 22:31:04,Zone 2,⚠️ Person immobile - Possible drowning
2026-01-05 22:31:04,Zone 4,⚠️ Person immobile - Possible drowning
2026-01-05 22:31:05,Zone 1,⚠️ Person immobile - Possible drowning
2026-01-05 22:31:05,Zone 2,⚠️ Person immobile - Possible drowning
2026-01-05 22:31:05,Zone 4,⚠️ Person immobile - Possible drowning
2026-01-05 22:31:05,Zone 5,⚠️ Person immobile - Possible drowning
2026-01-05 22:31:06,Zone 2,⚠️ Person immobile - Possible drowning
2026-01-05 22:31:06,Zone 4,⚠️ Person immobile - Possible drowning
2026-01-05 22:31:06,Zone 1,⚠️ Person immobile - Possible drowning
2026-01-05 22:31:07,Zone 1,⚠️ Person immobile - Possible drowning
2026-01-05 22:31:07,Zone 2,⚠️ Person immobile - Possible drowning
2026-01-05 22:31:07,Zone 4,⚠️ Person immobile - Possible drowning
2026-01-05 22:31:08,Zone 1,⚠️ Person immobile - Possible drowning
2026-01-05 22:31:08,Zone 2,⚠️ Person immobile - Possible drowning
2026-01-05 22:31:08,Zone 4,⚠️ Person immobile - Possible drowning
2026-01-05 22:31:08,Zone 5,⚠️ Person immobile - Possible drowning
2026-01-05 22:31:09,Zone 1,⚠️ Person immobile - Possible drowning
2026-01-05 22:31:09,Zone 2,⚠️ Person immobile - Possible drowning
2026-01-05 22:31:09,Zone 4,⚠️ Person immobile - Possible drowning
2026-01-05 22:31:10,Zone 4,⚠️ Person immobile - Possible drowning
2026-01-05 22:31:10,Zone 2,⚠️ Person immobile - Possible drowning
2026-01-05 22:31:11,Zone 2,⚠️ Person immobile - Possible drowning
2026-01-05 22:31:11,Zone 4,⚠️ Person immobile - Possible drowning
2026-01-05 22:31:11,Zone 5,⚠️ Person immobile - Possible drowning
2026-01-05 22:31:12,Zone 4,⚠️ Person immobile - Possible drowning
2026-01-05 22:31:12,Zone 1,⚠️ Person immobile - Possible drowning
2026-01-05 22:31:12,Zone 2,⚠️ Person immobile - Possible drowning
2026-01-05 22:31:13,Zone 2,⚠️ Person immobile - Possible drowning
2026-01-05 22:31:13,Zone 4,⚠️ Person immobile - Possible drowning
2026-01-05 22:31:14,Zone 4,⚠️ Person immobile - Possible drowning
2026-01-05 22:31:14,Zone 5,⚠️ Person immobile - Possible drowning
2026-01-05 22:31:14,Zone 1,⚠️ Person immobile - Possible drowning
2026-01-05 22:31:14,Zone 2,⚠️ Person immobile - Possible drowning
2026-01-05 22:31:15,Zone 2,⚠️ Person immobile - Possible drowning
2026-01-05 22:31:15,Zone 4,⚠️ Person immobile - Possible drowning
2026-01-05 22:31:15,Zone 1,⚠️ Person immobile - Possible drowning
2026-01-05 22:31:16,Zone 5,⚠️ Person immobile - Possible drowning
2026-01-05 22:31:16,Zone 1,⚠️ Person immobile - Possible drowning
2026-01-05 22:31:16,Zone 2,⚠️ Person immobile - Possible drowning
2026-01-05 22:31:16,Zone 4,⚠️ Person immobile - Possible drowning
2026-01-05 22:31:17,Zone 1,⚠️ Person immobile - Possible drowning
2026-01-05 22:31:17,Zone 2,⚠️ Person immobile - Possible drowning
2026-01-05 22:31:17,Zone 4,⚠️ Person immobile - Possible drowning
2026-01-05 22:31:18,Zone 2,⚠️ Person immobile - Possible drowning
2026-01-05 22:31:18,Zone 4,⚠️ Person immobile - Possible drowning
2026-01-05 22:31:18,Zone 5,⚠️ Person immobile - Possible drowning
2026-01-05 22:31:19,Zone 2,⚠️ Person immobile - Possible drowning
2026-01-05 22:31:19,Zone 4,⚠️ Person immobile - Possible drowning
2026-01-05 22:31:20,Zone 1,⚠️ Person immobile - Possible drowning
2026-01-05 22:31:20,Zone 2,⚠️ Person immobile - Possible drowning
2026-01-05 22:31:20,Zone 4,⚠️ Person immobile - Possible drowning
2026-01-05 22:31:20,Zone 3,⚠️ Person immobile - Possible drowning
2026-01-05 22:31:21,Zone 1,⚠️ Person immobile - Possible drowning
2026-01-05 22:31:21,Zone 2,⚠️ Person immobile - Possible drowning
2026-01-05 22:31:21,Zone 4,⚠️ Person immobile - Possible drowning
2026-01-05 22:31:22,Zone 1,⚠️ Person immobile - Possible drowning
2026-01-05 22:31:22,Zone 2,⚠️ Person immobile - Possible drowning
2026-01-05 22:31:22,Zone 4,⚠️ Person immobile - Possible drowning
2026-01-05 22:31:22,Zone 5,⚠️ Person immobile - Possible drowning
2026-01-05 22:31:23,Zone 1,⚠️ Person immobile - Possible drowning
2026-01-05 22:31:23,Zone 2,⚠️ Person immobile - Possible drowning
2026-01-05 22:31:23,Zone 4,⚠️ Person immobile - Possible drowning
2026-01-05 22:31:23,Zone 5,⚠️ Person immobile - Possible drowning
2026-01-05 22:31:24,Zone 2,⚠️ Person immobile - Possible drowning
2026-01-05 22:31:24,Zone 4,⚠️ Person immobile - Possible drowning
2026-01-05 22:31:24,Zone 1,⚠️ Person immobile - Possible drowning
2026-01-05 22:31:25,Zone 2,⚠️ Person immobile - Possible drowning
2026-01-05 22:31:25,Zone 4,⚠️ Person immobile - Possible drowning
2026-01-05 22:31:25,Zone 1,⚠️ Person immobile - Possible drowning
2026-01-05 22:31:26,Zone 1,⚠️ Person immobile - Possible drowning
2026-01-05 22:31:26,Zone 2,⚠️ Person immobile - Possible drowning
2026-01-05 22:31:26,Zone 4,⚠️ Person immobile - Possible drowning
2026-01-05 22:31:27,Zone 4,⚠️ Person immobile - Possible drowning
2026-01-05 22:31:27,Zone 5,⚠️ Person immobile - Possible drowning
2026-01-05 22:31:27,Zone 1,⚠️ Person immobile - Possible drowning
2026-01-05 22:31:27,Zone 2,⚠️ Person immobile - Possible drowning
2026-01-05 22:31:28,Zone 1,⚠️ Person immobile - Possible drowning
2026-01-05 22:31:28,Zone 2,⚠️ Person immobile - Possible drowning
2026-01-05 22:31:28,Zone 4,⚠️ Person immobile - Possible drowning
2026-01-05 22:31:29,Zone 2,⚠️ Person immobile - Possible drowning
2026-01-05 22:31:29,Zone 4,⚠️ Person immobile - Possible drowning
2026-01-05 22:31:29,Zone 5,⚠️ Person immobile - Possible drowning
2026-01-05 22:31:29,Zone 1,⚠️ Person immobile - Possible drowning
2026-01-05 22:31:30,Zone 1,⚠️ Person immobile - Possible drowning
2026-01-05 22:31:30,Zone 2,⚠️ Person immobile - Possible drowning
2026-01-05 22:31:30,Zone 4,⚠️ Person immobile - Possible drowning
2026-01-05 22:31:30,Zone 5,⚠️ Person immobile - Possible drowning
2026-01-05 22:31:31,Zone 1,⚠️ Person immobile - Possible drowning
2026-01-05 22:31:31,Zone 2,⚠️ Person immobile - Possible drowning
2026-01-05 22:31:31,Zone 4,⚠️ Person immobile - Possible drowning
2026-01-05 22:31:32,Zone 1,⚠️ Person immobile - Possible drowning
2026-01-05 22:31:32,Zone 2,⚠️ Person immobile - Possible drowning
2026-01-05 22:31:32,Zone 4,⚠️ Person immobile - Possible drowning
2026-01-05 22:31:32,Zone 5,⚠️ Person immobile - Possible drowning
2026-01-05 22:31:33,Zone 2,⚠️ Person immobile - Possible drowning
2026-01-05 22:31:33,Zone 4,⚠️ Person immobile - Possible drowning
2026-01-05 22:31:34,Zone 2,⚠️ Person immobile - Possible drowning
2026-01-05 22:31:34,Zone 4,⚠️ Person immobile - Possible drowning
2026-01-05 22:31:34,Zone 1,⚠️ Person immobile - Possible drowning
2026-01-05 22:31:35,Zone 1,⚠️ Person immobile - Possible drowning
2026-01-05 22:31:35,Zone 2,⚠️ Person immobile - Possible drowning
2026-01-05 22:31:35,Zone 4,⚠️ Person immobile - Possible drowning
2026-01-05 22:31:35,Zone 5,⚠️ Person immobile - Possible drowning
2026-01-05 22:31:36,Zone 1,⚠️ Person immobile - Possible drowning
2026-01-05 22:31:36,Zone 2,⚠️ Person immobile - Possible drowning
2026-01-05 22:31:36,Zone 4,⚠️ Person immobile - Possible drowning
2026-01-05 22:31:36,Zone 5,⚠️ Person immobile - Possible drowning
2026-01-05 22:31:37,Zone 2,⚠️ Person immobile - Possible drowning
2026-01-05 22:31:37,Zone 4,⚠️ Person immobile - Possible drowning
2026-01-05 22:31:37,Zone 5,⚠️ Person immobile - Possible drowning
2026-01-05 22:31:37,Zone 1,⚠️ Person immobile - Possible drowning
2026-01-05 22:31:38,Zone 2,⚠️ Person immobile - Possible drowning
2026-01-05 22:31:38,Zone 4,⚠️ Person immobile - Possible drowning
2026-01-05 22:31:38,Zone 1,⚠️ Person immobile - Possible drowning
2026-01-05 22:31:39,Zone 2,⚠️ Person immobile - Possible drowning
2026-01-05 22:31:39,Zone 4,⚠️ Person immobile - Possible drowning
2026-01-05 22:31:39,Zone 1,⚠️ Person immobile - Possible drowning
2026-01-05 22:31:40,Zone 1,⚠️ Person immobile - Possible drowning
2026-01-05 22:31:40,Zone 2,⚠️ Person immobile - Possible drowning
2026-01-05 22:31:40,Zone 4,⚠️ Person immobile - Possible drowning
2026-01-05 22:31:41,Zone 2,⚠️ Person immobile - Possible drowning
2026-01-05 22:31:41,Zone 4,⚠️ Person immobile - Possible drowning
2026-01-05 22:31:41,Zone 5,⚠️ Person immobile - Possible drowning
2026-01-05 22:31:41,Zone 6,⚠️ Person immobile - Possible drowning
2026-01-05 22:31:42,Zone 1,⚠️ Person immobile - Possible drowning
2026-01-05 22:31:42,Zone 2,⚠️ Person immobile - Possible drowning
2026-01-05 22:31:42,Zone 4,⚠️ Person immobile - Possible drowning
2026-01-05 22:31:42,Zone 6,⚠️ Person immobile - Possible drowning
2026-01-05 22:31:43,Zone 2,⚠️ Person immobile - Possible drowning
2026-01-05 22:31:43,Zone 4,⚠️ Person immobile - Possible drowning
2026-01-05 22:31:43,Zone 5,⚠️ Person immobile - Possible drowning
2026-01-05 22:31:43,Zone 6,⚠️ Person immobile - Possible drowning
2026-01-05 22:31:43,Zone 1,⚠️ Person immobile - Possible drowning
2026-01-05 22:31:44,Zone 4,⚠️ Person immobile - Possible drowning
2026-01-05 22:31:44,Zone 5,⚠️ Person immobile - Possible drowning
2026-01-05 22:31:44,Zone 6,⚠️ Person immobile - Possible drowning
2026-01-05 22:31:44,Zone 2,⚠️ Person immobile - Possible drowning
2026-01-05 22:31:44,Zone 1,⚠️ Person immobile - Possible drowning
2026-01-05 22:31:45,Zone 2,⚠️ Person immobile - Possible drowning
2026-01-05 22:31:45,Zone 4,⚠️ Person immobile - Possible drowning
2026-01-05 22:31:45,Zone 6,⚠️ Person immobile - Possible drowning
2026-01-05 22:31:45,Zone 1,⚠️ Person immobile - Possible drowning
2026-01-05 22:31:46,Zone 1,⚠️ Person immobile - Possible drowning
2026-01-05 22:31:46,Zone 2,⚠️ Person immobile - Possible drowning
2026-01-05 22:31:46,Zone 4,⚠️ Person immobile - Possible drowning
2026-01-05 22:31:46,Zone 6,⚠️ Person immobile - Possible drowning
2026-01-05 22:31:47,Zone 4,⚠️ Person immobile - Possible drowning
2026-01-05 22:31:47,Zone 6,⚠️ Person immobile - Possible drowning
2026-01-05 22:31:47,Zone 1,⚠️ Person immobile - Possible drowning
2026-01-05 22:31:47,Zone 2,⚠️ Person immobile - Possible drowning
2026-01-05 22:31:48,Zone 1,⚠️ Person immobile - Possible drowning
2026-01-05 22:31:48,Zone 2,⚠️ Person immobile - Possible drowning
2026-01-05 22:31:48,Zone 4,⚠️ Person immobile - Possible drowning
2026-01-05 22:31:48,Zone 6,⚠️ Person immobile - Possible drowning
2026-01-05 22:31:49,Zone 4,⚠️ Person immobile - Possible drowning
2026-01-05 22:31:49,Zone 6,⚠️ Person immobile - Possible drowning
2026-01-05 22:31:49,Zone 1,⚠️ Person immobile - Possible drowning
2026-01-05 22:31:49,Zone 2,⚠️ Person immobile - Possible drowning
2026-01-05 22:31:49,Zone 5,⚠️ Person immobile - Possible drowning
2026-01-05 22:31:50,Zone 1,⚠️ Person immobile - Possible drowning
2026-01-05 22:31:50,Zone 2,⚠️ Person immobile - Possible drowning
2026-01-05 22:31:50,Zone 4,⚠️ Person immobile - Possible drowning
2026-01-05 22:31:50,Zone 6,⚠️ Person immobile - Possible drowning
2026-01-05 22:31:51,Zone 1,⚠️ Person immobile - Possible drowning
2026-01-05 22:31:51,Zone 2,⚠️ Person immobile - Possible drowning
2026-01-05 22:31:51,Zone 4,⚠️ Person immobile - Possible drowning
2026-01-05 22:31:52,Zone 1,⚠️ Person immobile - Possible drowning
2026-01-05 22:31:52,Zone 2,⚠️ Person immobile - Possible drowning
2026-01-05 22:31:52,Zone 4,⚠️ Person immobile - Possible drowning
2026-01-05 22:31:52,Zone 5,⚠️ Person immobile - Possible drowning
2026-01-05 22:31:53,Zone 1,⚠️ Person immobile - Possible drowning
2026-01-05 22:31:53,Zone 2,⚠️ Person immobile - Possible drowning
2026-01-05 22:31:53,Zone 4,⚠️ Person immobile - Possible drowning
2026-01-05 22:31:53,Zone 5,⚠️ Person immobile - Possible drowning
2026-01-05 22:31:54,Zone 1,⚠️ Person immobile - Possible drowning
2026-01-05 22:31:54,Zone 2,⚠️ Person immobile - Possible drowning
2026-01-05 22:31:54,Zone 4,⚠️ Person immobile - Possible drowning
2026-01-05 22:31:54,Zone 6,⚠️ Person immobile - Possible drowning
2026-01-05 22:31:55,Zone 4,⚠️ Person immobile - Possible drowning
2026-01-05 22:31:55,Zone 6,⚠️ Person immobile - Possible drowning
2026-01-05 22:31:55,Zone 1,⚠️ Person immobile - Possible drowning
2026-01-05 22:31:55,Zone 2,⚠️ Person immobile - Possible drowning
2026-01-05 22:31:56,Zone 2,⚠️ Person immobile - Possible drowning
2026-01-05 22:31:56,Zone 4,⚠️ Person immobile - Possible drowning
2026-01-05 22:31:56,Zone 6,⚠️ Person immobile - Possible drowning
2026-01-05 22:31:56,Zone 1,⚠️ Person immobile - Possible drowning
2026-01-05 22:31:56,Zone 5,⚠️ Person immobile - Possible drowning
2026-01-05 22:31:57,Zone 1,⚠️ Person immobile - Possible drowning
2026-01-05 22:31:57,Zone 2,⚠️ Person immobile - Possible drowning
2026-01-05 22:31:57,Zone 4,⚠️ Person immobile - Possible drowning
2026-01-05 22:31:57,Zone 6,⚠️ Person immobile - Possible drowning
2026-01-05 22:31:58,Zone 1,⚠️ Person immobile - Possible drowning
2026-01-05 22:31:58,Zone 2,⚠️ Person immobile - Possible drowning
2026-01-05 22:31:58,Zone 4,⚠️ Person immobile - Possible drowning
2026-01-05 22:31:58,Zone 5,⚠️ Person immobile - Possible drowning
2026-01-05 22:31:58,Zone 6,⚠️ Person immobile - Possible drowning
2026-01-05 22:31:59,Zone 1,⚠️ Person immobile - Possible drowning
2026-01-05 22:31:59,Zone 2,⚠️ Person immobile - Possible drowning
2026-01-05 22:31:59,Zone 4,⚠️ Person immobile - Possible drowning
2026-01-05 22:31:59,Zone 6,⚠️ Person immobile - Possible drowning
2026-01-05 22:32:00,Zone 2,⚠️ Person immobile - Possible drowning
2026-01-05 22:32:00,Zone 4,⚠️ Person immobile - Possible drowning
2026-01-05 22:32:00,Zone 5,⚠️ Person immobile - Possible drowning
2026-01-05 22:32:00,Zone 1,⚠️ Person immobile - Possible drowning
2026-01-05 22:32:01,Zone 6,⚠️ Person immobile - Possible drowning
2026-01-05 22:32:01,Zone 1,⚠️ Person immobile - Possible drowning
2026-01-05 22:32:01,Zone 2,⚠️ Person immobile - Possible drowning
2026-01-05 22:32:01,Zone 4,⚠️ Person immobile - Possible drowning
2026-01-05 22:32:01,Zone 5,⚠️ Person immobile - Possible drowning
2026-01-05 22:32:02,Zone 2,⚠️ Person immobile - Possible drowning
2026-01-05 22:32:02,Zone 4,⚠️ Person immobile - Possible drowning
2026-01-05 22:32:02,Zone 1,⚠️ Person immobile - Possible drowning
2026-01-05 22:32:03,Zone 1,⚠️ Person immobile - Possible drowning
2026-01-05 22:32:03,Zone 2,⚠️ Person immobile - Possible drowning
2026-01-05 22:32:03,Zone 4,⚠️ Person immobile - Possible drowning
2026-01-05 22:32:03,Zone 6,⚠️ Person immobile - Possible drowning
2026-01-05 22:32:04,Zone 1,⚠️ Person immobile - Possible drowning
2026-01-05 22:32:04,Zone 2,⚠️ Person immobile - Possible drowning
2026-01-05 22:32:04,Zone 4,⚠️ Person immobile - Possible drowning
2026-01-05 22:32:04,Zone 5,⚠️ Person immobile - Possible drowning
2026-01-05 22:32:05,Zone 6,⚠️ Person immobile - Possible drowning
2026-01-05 22:32:05,Zone 1,⚠️ Person immobile - Possible drowning
2026-01-05 22:32:05,Zone 2,⚠️ Person immobile - Possible drowning
2026-01-05 22:32:05,Zone 4,⚠️ Person immobile - Possible drowning
2026-01-05 22:32:05,Zone 5,⚠️ Person immobile - Possible drowning
2026-01-05 22:32:06,Zone 1,⚠️ Person immobile - Possible drowning
2026-01-05 22:32:06,Zone 2,⚠️ Person immobile - Possible drowning
2026-01-05 22:32:06,Zone 4,⚠️ Person immobile - Possible drowning
2026-01-05 22:32:07,Zone 1,⚠️ Person immobile - Possible drowning
2026-01-05 22:32:07,Zone 2,⚠️ Person immobile - Possible drowning
2026-01-05 22:32:07,Zone 4,⚠️ Person immobile - Possible drowning
2026-01-05 22:32:07,Zone 6,⚠️ Person immobile - Possible drowning
2026-01-05 22:32:08,Zone 1,⚠️ Person immobile - Possible drowning
2026-01-05 22:32:08,Zone 2,⚠️ Person immobile - Possible drowning
2026-01-05 22:32:08,Zone 4,⚠️ Person immobile - Possible drowning
2026-01-05 22:32:09,Zone 6,⚠️ Person immobile - Possible drowning
2026-01-05 22:32:09,Zone 1,⚠️ Person immobile - Possible drowning
2026-01-05 22:32:09,Zone 2,⚠️ Person immobile - Possible drowning
2026-01-05 22:32:09,Zone 4,⚠️ Person immobile - Possible drowning
2026-01-05 22:32:10,Zone 1,⚠️ Person immobile - Possible drowning
2026-01-05 22:32:10,Zone 2,⚠️ Person immobile - Possible drowning
2026-01-05 22:32:10,Zone 4,⚠️ Person immobile - Possible drowning
2026-01-05 22:32:10,Zone 5,⚠️ Person immobile - Possible drowning
2026-01-05 22:32:10,Zone 6,⚠️ Person immobile - Possible drowning
2026-01-05 22:32:11,Zone 4,⚠️ Person immobile - Possible drowning
2026-01-05 22:32:11,Zone 5,⚠️ Person immobile - Possible drowning
2026-01-05 22:32:11,Zone 6,⚠️ Person immobile - Possible drowning
2026-01-05 22:32:11,Zone 1,⚠️ Person immobile - Possible drowning
2026-01-05 22:32:11,Zone 2,⚠️ Person immobile - Possible drowning
2026-01-05 22:32:12,Zone 4,⚠️ Person immobile - Possible drowning
2026-01-05 22:32:12,Zone 1,⚠️ Person immobile - Possible drowning
2026-01-05 22:32:12,Zone 2,⚠️ Person immobile - Possible drowning
2026-01-05 22:32:13,Zone 6,⚠️ Person immobile - Possible drowning
2026-01-05 22:32:13,Zone 1,⚠️ Person immobile - Possible drowning
2026-01-05 22:32:13,Zone 2,⚠️ Person immobile - Possible drowning
2026-01-05 22:32:13,Zone 4,⚠️ Person immobile - Possible drowning
2026-01-05 22:32:13,Zone 5,⚠️ Person immobile - Possible drowning
2026-01-05 22:32:14,Zone 1,⚠️ Person immobile - Possible drowning
2026-01-05 22:32:14,Zone 2,⚠️ Person immobile - Possible drowning
2026-01-05 22:32:14,Zone 4,⚠️ Person immobile - Possible drowning
2026-01-05 22:32:14,Zone 6,⚠️ Person immobile - Possible drowning
2026-01-05 22:32:15,Zone 1,⚠️ Person immobile - Possible drowning
2026-01-05 22:32:15,Zone 2,⚠️ Person immobile - Possible drowning
2026-01-05 22:32:15,Zone 4,⚠️ Person immobile - Possible drowning
2026-01-05 22:32:15,Zone 5,⚠️ Person immobile - Possible drowning
